Condition,S_* Mean,S_* Std,Q_* Mean,Q_* Std,T_* Mean,T_* Std,S_DM Mean,S_DM Std,Q_DM Mean,Q_DM Std,T_DM Mean,T_DM Std,Log M* Mean,Log M* Std,log(M$_{Bary}$/M$_{vir}$) Mean,log(M$_{Bary}$/M$_{vir}$) Std,Effective Radius (Kpc) Mean,Effective Radius (Kpc) Std,Halo Mass Mean,Halo Mass Std,T_diff Mean,T_diff Std,$\Delta D$ Mean,$\Delta D$ Std,$S_{DM} - S_*$ Mean,$S_{DM} - S_*$ Std,$Q_{DM} - Q_*$ Mean,$Q_{DM} - Q_*$ Std,$\Delta \Phi$ Mean,$\Delta \Phi$ Std,$\Delta \Theta$ Mean,$\Delta \Theta$ Std,$\Delta \Psi$ Mean,$\Delta \Psi$ Std
All,0.7881338273357078,0.12687454972832668,0.50932004567145,0.173832074519672,0.51679876681885,0.20393483355555087,0.7832409704215063,0.12017590034368608,0.5529324370500256,0.10245222251270061,0.5333353296965906,0.20746144108974837,7.957209142005821,0.9714331902570915,-2.2977449048093153,0.584030680121192,1.6402816463353693,1.1123707631728987,10.254954046815136,0.5195921754781677,0.016536562877740725,0.14742127013195006,0.18602984005180237,0.1310550758482337,-0.0048928569142015635,0.1358996696236496,0.043612391378575636,0.17716611798232595,0.0,0.0,0.0,0.0,0.0,0.0
Dark Matter Dominated,0.7768804074931138,0.14714119029490538,0.5855860496223121,0.17074816886321267,0.5941795424968559,0.1659430602690329,0.7181271709593201,0.1166031683876955,0.5205159821600785,0.11751815141911356,0.6455810329976663,0.14103971274009663,6.9769425535271905,0.5306647793444995,-2.908625507184809,0.30101891219244353,0.7148129033723164,0.34352383224144883,9.885568060711998,0.28666843428117916,0.05140149050081049,0.1606772953275377,0.20871551033967803,0.17055572297773558,-0.058753236533793746,0.1737728415041641,-0.06507006746223358,0.18646276295722808,0.0,0.0,0.0,0.0,0.0,0.0
Disky,0.907559792884708,0.037397302825305734,0.4327976316067163,0.16999499804233179,0.220113107291297,0.062168342552230756,0.9094661326412581,0.041738222171637154,0.6002100951614172,0.07452234513656951,0.27449510075655636,0.11336554885990067,8.633574912667408,0.5330336351708715,-1.9658187885602263,0.3581168573865113,2.4967920943333377,1.1273508548960172,10.599393701227633,0.3760291699160304,0.05438199346525932,0.12016653153448628,0.1938861644247092,0.08565546620003639,0.0019063397565501166,0.05076441878908924,0.16741246355470082,0.11967084166811681,0.0,0.0,0.0,0.0,0.0,0.0
